{"Metadata": {"bid_price": {"units": "USD", "index": 0}, "bid_quantity": {"units": "kW", "index": 1}, "hvac_needed": {"units": "kW", "index": 2}, "role": {"units": "kW", "index": 3}}, "StartTime": "2013-07-01 00:00:00 -0800", "298": {"F0_house_A0": [0.010422984975286953, 3.0, false, "seller", true, 0, "rejected", 0], "F0_house_A1": [0.010021409974798487, 4.0, false, "seller", true, 0, "rejected", 0], "F0_house_A2": [0.011635803021852076, 4.0, false, "seller", true, 0, "rejected", 0], "F0_house_A3": [0.013400055786113021, 3.0, false, "seller", true, 0, "rejected", 0], "F0_house_A4": [0.010845571965992966, 4.0, false, "seller", true, 0, "rejected", 0], "F0_house_A5": [0.010524903753756977, 3.0, false, "seller", true, 0, "rejected", 0], "F0_house_A6": [0.013209323227337876, 4.0, false, "seller", true, 0, "rejected", 0], "F0_house_A7": [0.009963539779698353, 3.0, false, "seller", true, 0, "rejected", 0], "F0_house_A8": [0.012319472197455716, 4.0, false, "seller", true, 0, "rejected", 0], "F0_house_A9": [0.012097163704335424, 4.0, false, "seller", true, 0, "rejected", 0], "F0_house_A10": [0.0115736303787139, 4.0, false, "seller", true, 0, "rejected", 0], "F0_house_A11": [0.011182829912406864, 3.0, false, "seller", true, 0, "rejected", 0], "F0_house_A12": [0.011071687951177736, 4.0, false, "seller", true, 0, "rejected", 0], "F0_house_A13": [0.011002377827088463, 4.0, false, "seller", true, 0, "rejected", 0], "F0_house_A14": [0.01376610114786732, 4.0, false, "seller", true, 0, "rejected", 0], "F0_house_A15": [0.011890797260630708, 4.0, false, "seller", true, 0, "rejected", 0], "F0_house_A16": [0.010585956814561167, 3.0, false, "seller", true, 0, "rejected", 0], "F0_house_A17": [0.011166997729054906, 4.0, false, "seller", true, 0, "rejected", 0], "F0_house_A18": [0.01067307449868744, 4.0, false, "seller", true, 0, "rejected", 0], "F0_house_A19": [0.011067703294929074, 4.0, false, "seller", true, 0, "rejected", 0], "F0_house_A20": [0.011053652226165615, 4.0, false, "seller", true, 0, "rejected", 0], "F0_house_A21": [0.013251245562730305, 4.0, false, "seller", true, 0, "rejected", 0], "F0_house_A22": [0.010018296811063174, 2.0, false, "seller", true, 0, "rejected", 0], "F0_house_A23": [0.010453520977788391, 3.0, false, "seller", true, 0, "rejected", 0], "F0_house_A24": [0.0101055658921306, 3.0, false, "seller", true, 0, "rejected", 0], "F0_house_A25": [0.013001709393652245, 4.0, false, "seller", true, 0, "rejected", 0], "F0_house_A26": [0.011007241759161185, 4.0, false, "seller", true, 0, "rejected", 0], "F0_house_A27": [0.013289311255422154, 3.0, false, "seller", true, 0, "rejected", 0], "F0_house_A28": [0.012429392629683664, 4.0, false, "seller", true, 0, "rejected", 0], "F0_house_A29": [0.012655934148477002, 3.0, false, "seller", true, 0, "rejected", 0]}, "598": {"F0_house_A0": [0.01066792498569306, 3.0, false, "seller", true, 0, "rejected", 0], "F0_house_A1": [0.010266349985204594, 4.0, false, "seller", true, 0, "rejected", 0], "F0_house_A2": [0.011880743032258185, 4.0, false, "seller", true, 0, "rejected", 0], "F0_house_A3": [0.013644995796519128, 3.0, false, "seller", true, 0, "rejected", 0], "F0_house_A4": [0.011090511976399074, 4.0, false, "seller", true, 0, "rejected", 0], "F0_house_A5": [0.010769843764163085, 3.0, false, "seller", true, 0, "rejected", 0], "F0_house_A6": [0.013454263237743984, 4.0, false, "seller", true, 0, "rejected", 0], "F0_house_A7": [0.01020847979010446, 3.0, false, "seller", true, 0, "rejected", 0], "F0_house_A8": [0.012564412207861822, 4.0, false, "seller", true, 0, "rejected", 0], "F0_house_A9": [0.012342103714741533, 4.0, false, "seller", true, 0, "rejected", 0], "F0_house_A10": [0.011818570389120008, 4.0, false, "seller", true, 0, "rejected", 0], "F0_house_A11": [0.01142776992281297, 3.0, false, "seller", true, 0, "rejected", 0], "F0_house_A12": [0.011316627961583843, 4.0, false, "seller", true, 0, "rejected", 0], "F0_house_A13": [0.01124731783749457, 4.0, false, "seller", true, 0, "rejected", 0], "F0_house_A14": [0.014011041158273427, 4.0, false, "seller", true, 0, "rejected", 0], "F0_house_A15": [0.012135737271036815, 4.0, false, "seller", true, 0, "rejected", 0], "F0_house_A16": [0.010830896824967275, 3.0, false, "seller", true, 0, "rejected", 0], "F0_house_A17": [0.011411937739461014, 4.0, false, "seller", true, 0, "rejected", 0], "F0_house_A18": [0.010918014509093549, 4.0, false, "seller", true, 0, "rejected", 0], "F0_house_A19": [0.011312643305335181, 4.0, false, "seller", true, 0, "rejected", 0], "F0_house_A20": [0.011298592236571722, 4.0, false, "seller", true, 0, "rejected", 0], "F0_house_A21": [0.013496185573136412, 4.0, false, "seller", true, 0, "rejected", 0], "F0_house_A22": [0.010263236821469283, 2.0, false, "seller", true, 0, "rejected", 0], "F0_house_A23": [0.010698460988194498, 3.0, false, "seller", true, 0, "rejected", 0], "F0_house_A24": [0.010350505902536708, 3.0, false, "seller", true, 0, "rejected", 0], "F0_house_A25": [0.013246649404058352, 4.0, false, "seller", true, 0, "rejected", 0], "F0_house_A26": [0.011252181769567292, 4.0, false, "seller", true, 0, "rejected", 0], "F0_house_A27": [0.013534251265828261, 3.0, false, "seller", true, 0, "rejected", 0], "F0_house_A28": [0.012674332640089773, 4.0, false, "seller", true, 0, "rejected", 0], "F0_house_A29": [0.01290087415888311, 3.0, false, "seller", true, 0, "rejected", 0]}, "898": {"F0_house_A0": [0.010587785757152178, 3.0, false, "seller", true, 0, "rejected", 0], "F0_house_A1": [0.010186210756663712, 4.0, false, "seller", true, 0, "rejected", 0], "F0_house_A2": [0.0118006038037173, 4.0, false, "seller", true, 0, "rejected", 0], "F0_house_A3": [0.013564856567978246, 3.0, false, "seller", true, 0, "rejected", 0], "F0_house_A4": [0.011010372747858191, 4.0, false, "seller", true, 0, "rejected", 0], "F0_house_A5": [0.010689704535622202, 3.0, false, "seller", true, 0, "rejected", 0], "F0_house_A6": [0.013374124009203101, 4.0, false, "seller", true, 0, "rejected", 0], "F0_house_A7": [0.010128340561563578, 4.0, false, "seller", true, 0, "rejected", 0], "F0_house_A8": [0.012484272979320941, 4.0, false, "seller", true, 0, "rejected", 0], "F0_house_A9": [0.01226196448620065, 4.0, false, "seller", true, 0, "rejected", 0], "F0_house_A10": [0.011738431160579125, 4.0, false, "seller", true, 0, "rejected", 0], "F0_house_A11": [0.011347630694272089, 4.0, false, "seller", true, 0, "rejected", 0], "F0_house_A12": [0.01123648873304296, 4.0, false, "seller", true, 0, "rejected", 0], "F0_house_A13": [0.011167178608953688, 4.0, false, "seller", true, 0, "rejected", 0], "F0_house_A14": [0.013930901929732545, 4.0, false, "seller", true, 0, "rejected", 0], "F0_house_A15": [0.012055598042495933, 4.0, false, "seller", true, 0, "rejected", 0], "F0_house_A16": [0.010750757596426392, 3.0, false, "seller", true, 0, "rejected", 0], "F0_house_A17": [0.011331798510920131, 4.0, false, "seller", true, 0, "rejected", 0], "F0_house_A18": [0.010837875280552665, 4.0, false, "seller", true, 0, "rejected", 0], "F0_house_A19": [0.0112325040767943, 4.0, false, "seller", true, 0, "rejected", 0], "F0_house_A20": [0.01121845300803084, 4.0, false, "seller", true, 0, "rejected", 0], "F0_house_A21": [0.01341604634459553, 4.0, false, "seller", true, 0, "rejected", 0], "F0_house_A22": [0.0101830975929284, 2.0, false, "seller", true, 0, "rejected", 0], "F0_house_A23": [0.010618321759653616, 3.0, false, "seller", true, 0, "rejected", 0], "F0_house_A24": [0.010270366673995826, 3.0, false, "seller", true, 0, "rejected", 0], "F0_house_A25": [0.01316651017551747, 4.0, false, "seller", true, 0, "rejected", 0], "F0_house_A26": [0.01117204254102641, 4.0, false, "seller", true, 0, "rejected", 0], "F0_house_A27": [0.013454112037287379, 3.0, false, "seller", true, 0, "rejected", 0], "F0_house_A28": [0.012594193411548889, 4.0, false, "seller", true, 0, "rejected", 0], "F0_house_A29": [0.012820734930342227, 3.0, false, "seller", true, 0, "rejected", 0]},